Timestamp,Team Name,Team Members,Project Description,"Image (Landscape) 

12,asdasd,asdasd,asdasd,"data:image/jpeg;base64,/9j/4AAQSkZJRgABAQAAAQABAAD/2wCEAAoHCBUVFRUVFRUYFRIaFRgYEhISGRgSEhISGBgZGRgYGBgcIS4lHB4rIRgYJjgmKy8xNTU1GiQ7QDs0Py40NTEBDAwMEA8QGhIRGjQhISE0MTQ0MTQ0NDQ0MTQ0MTE0NDE/NDE0NDQ0MTE0NDQ0MTU0NDQ0NDExMTE0NDQ0NDE0Mf/AABEIAKgBLAMBIgACEQEDEQH/xAAbAAACAwEBAQAAAAAAAAAAAAACAwABBAYFB//EAD4QAAIBAgQDBQYEBQMDBQAAAAECAAMRBBIhMUFRYQUGInGREzKBobHRFFLB4QdCYnLwIyRzMzTxFWOCorL/xAAZAQADAQEBAAAAAAAAAAAAAAAAAQIDBAX/xAAiEQEBAAIDAAICAwEAAAAAAAAAAQIRAyExEkETYTJRcSL/2gAMAwEAAhEDEQA/APfKyWhNvCRbmenQaF0i6p4XvGubTM5kq2URBtGWhogMR7ItH0F0kqoL7QsMu8mzowuouJHAOnThrGkDNwGnlxltUW4/QE/SIbee9M8j6RRSem7beEnXjYfWZ8SnG1j53kntjyyrRlpCkARiK6opdmCoNyZzHaveemyMlMlCRrUO5A2XTYT3e1cUiIwYgm1wu99bGfNu0yAzZVyoSSNPEfjynmc+U5OT476j0OGfDD5a7rRje2S6oMgBUWL3LZtxcg7bzIj6X9Zhs1tJtwWCd9AN+cXwxk1EXlyyo8NidQNtxfjPVwXar0wpRrOCdd9OXlJh+7r6ZmA+sT2l2S9MZgcy8SNxJuHe5Dluu30XsntIVqYewDjRwNg3ToZpeoZx3cPE61UJ1yhlH9psf/0J1pE7+HK5Y9+uXPGTLpTmATCZYJWbs0BkJlWhU1uftrAIk0LTkUqOPqCPrGKoOuh8oADr/msjjQ6wqiaQao0gTOBIBCXcRj07aiA2ASzKlmCKl5BBl3jSYDCigYWaRRGs7mNp8TAtIzaWnX9BGa8AwhKIk1UQCaKGn7TOuk003vvEC8Tzt6xdEa6x2JN7RFLeL6OGJ7xNgBaGzjTX9YKLx/qMOowtuN5FMmrXAExu5O5jHOp84thFYYsMus1Mth049JnoU7mbKaDYgXHGTaHCd4aRoqWdVYMzBDmswNydV4i2s5/D4YVfE23CdN/EWndKbDUBiNNtR+053st/AJ5P45jnf9ej+S3DFqo4ZFNsonpUUVdlA8p4tXFqp1NzyXUzdhe0Fay2IJ01m2Ooix6lHUysXSDKRzEyPiXQ2CBuRJtHK9Ui7IoH9LXM1ll6VHjd3jkxaW2LFCP7hafSQg4qfhrON7GwqnGKSP5GcD+seH9bzt0cDfQ/1XH1hw7x3HPy+s6U1+PpD9jfhpw6x6DNyIvz3hsnQA9PrOrbB5uLGo8omm+U3mnE0rH7zHHPA203Ft4S0xqbDeYVM9KjTBAJA24afSMinTfU7czFVb2Gt+OttJrNMWP/AJ+sxvvGEobzQ6i3AxeFG8dUsNSPlAmMiS8NmuZa07wIoyrxzrEwRV3hgRcOKiPQIlEQ3GsgE6JegG0lowCEEips+WaKJtLNIxZkgeJNwJnQaxzvpaJMFQbOAOZvE1KhO/pI8XaRYNBaAWmlaPO4Eqog4bcYlQNFwN726G01UyhOgF+oufWYYyibEScobF3r7N9tQZVHiHiULxI1t6Xnzzs4XRhyM+n9tM60Xalf2lrqfe16A6Ez5xR3Yk3zanqefznBzyTKft3cHFlnxXKeShRihuqKfPQRaKxbMbXvfTQTQwiXzbJYHmdQPhIlPX2910FRAG5SYWhk0F7dSTKwKMVAZtv5VAs3nxmihcZkPDbymuJ6jPXRc6ltNCoYaZSdQb9LTtuz2b2aZvfyLm/usLzmMPg/aGxHhBGY8p1FB1OlrctxNMJ3ay5cpqQSZbagHU8JTMoJ1KnoT9JaNYXJIFz11+Mxu9yTN45qLEVb6AkjmwF/hYTEY8yUaNzrtwlpIvNNGvbe9uhIMCpQt5c4AEJU16dFww0Y+RAmGqNTIjkG4kc31j0D8KNNr6+crEZdefLlE59LW+MECCRIsYIdCnfoJbrAEvEx9TaJjTkoy5YEqTRHqNvIBI28JCOM6ChtOncXjVsNIC1R1tyhe3W/GSowc7zG411j/brwvFvUU3v8IlaZ2i2MJ2iWaK0RZMfh00vYn0iFI4n4R6VwBv8AIyLVHJrqb6HYy3XX6iZTiRuDl56XvIMUOfmTr8pFpgrrZj4bDhFZo6pXU766aGxFohwOBv8AKLZ6H7Q2tw3nL9q9gMWL0rWJuyE2seNuh5TpAYNfEKgzNotwPUgfrMuTGZY9tuLkywv/AD9+uBYW0mbEu6Wyre+x5T0+2KYSq6jbMbeR1ExOtxOKOsL9oFVvs1t2bY24ACep2RVqOitUtcjTSxtwvPPw1AMQCgOtySNfWdAi2G01xLLU8et2YtkJ5t8hpNWa0OnSAVVuBYD14xb+vlOvGakcWeW7tbvBDSiYxEU6lgOl5pKiiogE63PkLxxUG9xpe1jcSqToNmX4m5gvVUnQqPje8PsjDYacPWZq4FxYWj1qrzUn+7SVUYNa5XplbUQJnEownW3EHyN4smPZVLxtBbkXF4CLc7gec101VeR8o01pS20jIpGosecoajW3rAAvfz0jLbPiKRHlM89JyCLbGYHpESSvYJUkl4E9VQCfvHikuwt5zKx1h0n1E2Ea6dNdiBLWmupsIBa8GJcE4X8oERVqLbQC/IDSDXcE6RBMnJQXa8U0MwFGoEmg04frLOF6x5B029D95bqcp2+f3kW04y/hb8flA/C/1fKbMp6fP7xTPbkJO1RnGFPP5Smp26zL2h2/RpDxut+Q1nFdsd+nYlaIsPzSLySftcl9vTua9dEBZ2CqOJnznvT3k9sxRDamNuvWc/jO1atS+dy1+BmLWZXK5e9Fcpj/ABdzi6udUqj3XUG/JiNRMq1jxB8xrHdzcQroaT6qrbH8ra/W89rGdlCk3h1pt7p3KnkZF4rZuN+LlmXV9eZhajbAeV56wfKLnhqeG086rSZWDDaUMeyVGtY+BQMwDWJOa9iNdhvpCTTXO/HHbtMNWDi99fWGyzmcP2rUeogK0bZh7lNVOpGl/X9pyeP7UxGGxNZKdVlVarWQnMlicwGU6cZ0zLrbi+Ut/p9PIhpQJF9JwXZ3f1tBXpgji9PQ+eU6Tuuyu1KNdAaThua3s69Cu8eOco0Z+GbmPWCcM2u3rNwJtsPX9opibnQev7St1NjKcM3ST8Mw5es0knTT5y3zW935iGyZWoMNTt5iLE11r5T4bfEfeYjHKDEUE66TT+FW17n5TIIaORt+0raK1Lgwf5j8pPwY/MYVNyRfTyhAm9/lBJT4S382nlKOF45vlNB2Jvr8pkbEN0+EeypbixtvAkLXhRB6D7yle0ay3vM7TUfbYj3428ol6sSDBMVq4K8G8pQSbQ3WwN95FqiiZdL3hFmMw3vRbEa2bUaGTEV1RGZjYAak8It7334dJx/f/tQoi0wfeBZvWy/QzPLLUtaYzdbO0e+mHQHK2Y9Oc4ftjvhWq3C+BPnOaveWEnNcrfafy150N6jMbsSTzOsgWRY1RIZZW30opBdY9F3MpxGW3pd18QEroCbK/gPK59352Hxn1HDqCuRxdTznxe3LQ8xvPpXYPeNGoq1UOHAysVpu4YjiCoIm/DlJuUd/TbjsAUvxU7N+hnN1ks79LfJV+86Ru9OGN1L5P+dHQH1E8HEIalVzTAqIVVw1EF0tYKdttR9IuXHHcuLp/NcsNX07s4f6if3j6zmO9pH4zEW/OPXIt/nOsweCro6OaLqCy5WZGVCeF2OwnD9qU6i1agq/9TOxexzDMTfQ8RrFbrHTCsZEKlWdGDIxRhsykgiVaQiTIW30/uP3lfEhqVU3qqMyvoPaJsbjmNPWdU513nyDuZUK4yhY2uxU9QUa4n2A36TbG9K3sDOumoltUFj4htzlZjptv1+0O510G3M/aXstF1XGU6g6c5hvN7k22G3M8vKYAIQqMQgJdGnc2vGNTyncHylAVGpl4acY9aoO37zK0XnKnSNFbarrz+8wXkY3kVbwTYkuEUt1gybdCPWD723i6gG/GGLC5sOt4NWpwG00lEhJkVbypoogEa8IrWkXTSx/WVigAvxhimpOqgcgP16zNi1AtYWk2qjKWjMNuePnENG4b/OMnKm0WFzoPSfMP4jYxWxARbeBFVrfmJLW9CPWfQ+1caKFGpVP8qkgc2/lHrafEcVXZ3Z3N2ZizE8STczLky60rybKEZeABLmFQq8dRfUA7RAlkwTXoWimEJHuAZbCNJBE93u3jaoLU0xS4dPfHtFV0ZtAR4tp4jCHhaqo6OyK6q12pv7rjiDHj1Q+i0KuKYWXFYOuOK1FAv6GQ9mV3bxUsPQvbNXwzuDYEEjILAkgEXMwph0YAt2QcpFwaZU3B46ETb2NRw4q+DCYjD1ApN6gcUwul+JF9prrfq41Y/BCldQmKxFJmay06rXphQtw1mF7kmx6T5729TprV/0qVakpGqYi+bMOROpE+j9tYlCtMnHHDXzFGWxWoPDe9+WnrOK71ZmVWOOTEqrWVQFDi430OsMsZIrK7c7aCRCMEyYh7fchL42j/wDM/wD0afXHHn6mfJ+4q/7xDyVz8p9YYmXiuFuB19TDUDr6mAwPSUM3SWFlRYanbmeUx2mtS1th6zIDHCOobib0sNNLc/vPPVtrbzZ4/wCkjpHSBVp2vy5xBWbQrW4W6bzLVFjp84SlYSU5R9OmF33igwB+0eCbdOu8pnaNqehmGbCz9JmtJpRrqPrKEjnUyLrpLlXFEwVMa9O3nEFrRVcjZTqEjU3PziMWTpeDSxOXyisTVzHpIvpwox9JGHARKDWbVipuT/iDWIw6odMzjTmFBP1tPlrbzuf4jYzNVRAfcTXozG/0AnC3nPnd1WXki7yryrySWaxIZV5cA0YV9xNDTArWIM3FrwTS2i4xoDQS63sDFg0xm7SfD1QSPZuQyBQfDbNwt1nR4PFOl3q4+niKCqzN7NFLgAXv4DrOJ7sYoq7oMMmKLi/s3ygqFvcqWHXadDXp0LNm7Nei2R7VVANNDkbViDa01xvS8XR9orWuBSoUsQNc4qnIV2tluCDfX0E5HvNRc0nL9mpRINzXplWyi+pOXW0ZUbAqzCpWxFCrnOZqZdU30tYW2tM3a5o+xf2faT1BY/6TnNn6cDDLLcU5WUTLp+6PKUwkRG3S/wAPlvi/Km/6T6e5858y/h1/3J/42+qz6cxmuK4UanQyvbdDISYaGWZQxA5GZ7z0VmXF7iOegpNxPVV76Txw09L24G51tpaFJb4hgbAW85na53lZ77whrtHuRNLqCCrkeUKpeIBjiK3hza+46RLjWAlUjyh+0EVKHIpJjxT5esVRQXubR4sD9pS8UA1mTE2+81soOpERVpAk2k2rjFeDeR1sZFEkzqQ1EbXqqis7GwUEnyEXSE57vn2hlVaQO/iqf2j3R8T9JOV1Nqxm7pwXeHEl3Zzu7E+Q4TxbxuNr52J+AilEw/dRllurtKJlmLYwib0IGHFiMhS2ox+Ge4txERBRrG8CbjBIlg3EownZNHZtUpVRhUal4gDUXemp0J9DO3arVyVCvaVPEU8j5qbKudhkbQEHecBOwDU3pl//AE5qTGmxSuliguhsx20P6y54vF7FGpjgG9nToVaOd8iObPbOQQb6b3nhd4K1RlIfs9KbcXBU26i0Op+Cuxd8Th6vtHzVEzCmTnNrHUW2njdp0mYnLjBWS3hzvka3UGTb0p4+HPhhsYrDnS3WMMcZum/h8f8Act/xn6ifTWnzLuAP9w39h+on0xppgvG9FsYSDrBeRGlqOA6mIxC7axmfoflF1je0BWYiVCKysseyGjbCblUAX/wzz0UzYL9LQqKqr4txbrMrJaa2i3U9I4ikCHBtCitKPQUn8p9RLR7D3T8oBewOvCErW4x7a4wJqanwt8vvAqvewsw+EMPv5wWc5vhJtURUII2PpFLNNU6GZ0ERw5NBPlfevtHPVqEHdrD+1dJ9J7VxPs6FR/yoSPO2k+K4mqWJJMz5PqKl1Kzxgi4UzrKraBaWTJHE3tIQMAQgYCCizLkiOn4Z/wCX0j5gVrG83qbi8cJU6jszEu1DL+NFsjg4RlGYqFYBVbfkfhOXM6Hu+5NN19ijKN65sKtPNoAOJH3lVWProPaY1UOR8NUpXfLTfSoqlibHrOT7TR/Ez4Wkm92UgD5GejjqdLUthKwckk1qbGz6nxWBngY9UCmyVQf/AHG0v5SbVMGHO8cTEUDqY0wiK6ruB/3Dn+j9Z9KJnzb+H3/UqHoJ9FDzXBWPiPtKkc6ShLMQMp5Sy2gWwWhKsqGogVq7dZRbrIUHKXYco4hWksyADlL05Q2VCRJaW0oCKlFO4v7o33kaqPyiSSOtYFGU8PmYRYXJHLmZJIlo5/y5loJJIBz/AH8xOTCleLuB8BqfpPkxMkkxy9PLyKEIySSWdDLkkgSpckkCSSSSACY/Dvw9JJIw0Ez0uxGUO11JbLdGBsq+IA5hxve0kkd8GPpuKrDMQr4m9zcDRAbn3SeE8LFvc8TzLMWb4mSSZz1pSaZ1E0mSSUiur7gDx1PgPl+8+gCSSa4eKx8U50hLJJLFXKkkgSQ1kkgVWZUkkcTUkvJJGVU0tNpJJNEf/9k="
,,,,
13,asdasd,asdasd,asdasd,"data:image/jpeg;base64,/9j/4AAQSkZJRgABAQAAAQABAAD/2wCEAAoHCBUVFRUVFRUYFRIaFRgYEhISGRgSEhISGBgZGRgYGBgcIS4lHB4rIRgYJjgmKy8xNTU1GiQ7QDs0Py40NTEBDAwMEA8QGhIRGjQhISE0MTQ0MTQ0NDQ0MTQ0MTE0NDE/NDE0NDQ0MTE0NDQ0MTU0NDQ0NDExMTE0NDQ0NDE0Mf/AABEIAKgBLAMBIgACEQEDEQH/xAAbAAACAwEBAQAAAAAAAAAAAAACAwABBAYFB//EAD4QAAIBAgQDBQYEBQMDBQAAAAECAAMRBBIhMUFRYQUGInGREzKBobHRFFLB4QdCYnLwIyRzMzTxFWOCorL/xAAZAQADAQEBAAAAAAAAAAAAAAAAAQIDBAX/xAAiEQEBAAIDAAICAwEAAAAAAAAAAQIRAyExEkETYTJRcSL/2gAMAwEAAhEDEQA/APfKyWhNvCRbmenQaF0i6p4XvGubTM5kq2URBtGWhogMR7ItH0F0kqoL7QsMu8mzowuouJHAOnThrGkDNwGnlxltUW4/QE/SIbee9M8j6RRSem7beEnXjYfWZ8SnG1j53kntjyyrRlpCkARiK6opdmCoNyZzHaveemyMlMlCRrUO5A2XTYT3e1cUiIwYgm1wu99bGfNu0yAzZVyoSSNPEfjynmc+U5OT476j0OGfDD5a7rRje2S6oMgBUWL3LZtxcg7bzIj6X9Zhs1tJtwWCd9AN+cXwxk1EXlyyo8NidQNtxfjPVwXar0wpRrOCdd9OXlJh+7r6ZmA+sT2l2S9MZgcy8SNxJuHe5Dluu30XsntIVqYewDjRwNg3ToZpeoZx3cPE61UJ1yhlH9psf/0J1pE7+HK5Y9+uXPGTLpTmATCZYJWbs0BkJlWhU1uftrAIk0LTkUqOPqCPrGKoOuh8oADr/msjjQ6wqiaQao0gTOBIBCXcRj07aiA2ASzKlmCKl5BBl3jSYDCigYWaRRGs7mNp8TAtIzaWnX9BGa8AwhKIk1UQCaKGn7TOuk003vvEC8Tzt6xdEa6x2JN7RFLeL6OGJ7xNgBaGzjTX9YKLx/qMOowtuN5FMmrXAExu5O5jHOp84thFYYsMus1Mth049JnoU7mbKaDYgXHGTaHCd4aRoqWdVYMzBDmswNydV4i2s5/D4YVfE23CdN/EWndKbDUBiNNtR+053st/AJ5P45jnf9ej+S3DFqo4ZFNsonpUUVdlA8p4tXFqp1NzyXUzdhe0Fay2IJ01m2Ooix6lHUysXSDKRzEyPiXQ2CBuRJtHK9Ui7IoH9LXM1ll6VHjd3jkxaW2LFCP7hafSQg4qfhrON7GwqnGKSP5GcD+seH9bzt0cDfQ/1XH1hw7x3HPy+s6U1+PpD9jfhpw6x6DNyIvz3hsnQA9PrOrbB5uLGo8omm+U3mnE0rH7zHHPA203Ft4S0xqbDeYVM9KjTBAJA24afSMinTfU7czFVb2Gt+OttJrNMWP/AJ+sxvvGEobzQ6i3AxeFG8dUsNSPlAmMiS8NmuZa07wIoyrxzrEwRV3hgRcOKiPQIlEQ3GsgE6JegG0lowCEEips+WaKJtLNIxZkgeJNwJnQaxzvpaJMFQbOAOZvE1KhO/pI8XaRYNBaAWmlaPO4Eqog4bcYlQNFwN726G01UyhOgF+oufWYYyibEScobF3r7N9tQZVHiHiULxI1t6Xnzzs4XRhyM+n9tM60Xalf2lrqfe16A6Ez5xR3Yk3zanqefznBzyTKft3cHFlnxXKeShRihuqKfPQRaKxbMbXvfTQTQwiXzbJYHmdQPhIlPX2910FRAG5SYWhk0F7dSTKwKMVAZtv5VAs3nxmihcZkPDbymuJ6jPXRc6ltNCoYaZSdQb9LTtuz2b2aZvfyLm/usLzmMPg/aGxHhBGY8p1FB1OlrctxNMJ3ay5cpqQSZbagHU8JTMoJ1KnoT9JaNYXJIFz11+Mxu9yTN45qLEVb6AkjmwF/hYTEY8yUaNzrtwlpIvNNGvbe9uhIMCpQt5c4AEJU16dFww0Y+RAmGqNTIjkG4kc31j0D8KNNr6+crEZdefLlE59LW+MECCRIsYIdCnfoJbrAEvEx9TaJjTkoy5YEqTRHqNvIBI28JCOM6ChtOncXjVsNIC1R1tyhe3W/GSowc7zG411j/brwvFvUU3v8IlaZ2i2MJ2iWaK0RZMfh00vYn0iFI4n4R6VwBv8AIyLVHJrqb6HYy3XX6iZTiRuDl56XvIMUOfmTr8pFpgrrZj4bDhFZo6pXU766aGxFohwOBv8AKLZ6H7Q2tw3nL9q9gMWL0rWJuyE2seNuh5TpAYNfEKgzNotwPUgfrMuTGZY9tuLkywv/AD9+uBYW0mbEu6Wyre+x5T0+2KYSq6jbMbeR1ExOtxOKOsL9oFVvs1t2bY24ACep2RVqOitUtcjTSxtwvPPw1AMQCgOtySNfWdAi2G01xLLU8et2YtkJ5t8hpNWa0OnSAVVuBYD14xb+vlOvGakcWeW7tbvBDSiYxEU6lgOl5pKiiogE63PkLxxUG9xpe1jcSqToNmX4m5gvVUnQqPje8PsjDYacPWZq4FxYWj1qrzUn+7SVUYNa5XplbUQJnEownW3EHyN4smPZVLxtBbkXF4CLc7gec101VeR8o01pS20jIpGosecoajW3rAAvfz0jLbPiKRHlM89JyCLbGYHpESSvYJUkl4E9VQCfvHikuwt5zKx1h0n1E2Ea6dNdiBLWmupsIBa8GJcE4X8oERVqLbQC/IDSDXcE6RBMnJQXa8U0MwFGoEmg04frLOF6x5B029D95bqcp2+f3kW04y/hb8flA/C/1fKbMp6fP7xTPbkJO1RnGFPP5Smp26zL2h2/RpDxut+Q1nFdsd+nYlaIsPzSLySftcl9vTua9dEBZ2CqOJnznvT3k9sxRDamNuvWc/jO1atS+dy1+BmLWZXK5e9Fcpj/ABdzi6udUqj3XUG/JiNRMq1jxB8xrHdzcQroaT6qrbH8ra/W89rGdlCk3h1pt7p3KnkZF4rZuN+LlmXV9eZhajbAeV56wfKLnhqeG086rSZWDDaUMeyVGtY+BQMwDWJOa9iNdhvpCTTXO/HHbtMNWDi99fWGyzmcP2rUeogK0bZh7lNVOpGl/X9pyeP7UxGGxNZKdVlVarWQnMlicwGU6cZ0zLrbi+Ut/p9PIhpQJF9JwXZ3f1tBXpgji9PQ+eU6Tuuyu1KNdAaThua3s69Cu8eOco0Z+GbmPWCcM2u3rNwJtsPX9opibnQev7St1NjKcM3ST8Mw5es0knTT5y3zW935iGyZWoMNTt5iLE11r5T4bfEfeYjHKDEUE66TT+FW17n5TIIaORt+0raK1Lgwf5j8pPwY/MYVNyRfTyhAm9/lBJT4S382nlKOF45vlNB2Jvr8pkbEN0+EeypbixtvAkLXhRB6D7yle0ay3vM7TUfbYj3428ol6sSDBMVq4K8G8pQSbQ3WwN95FqiiZdL3hFmMw3vRbEa2bUaGTEV1RGZjYAak8It7334dJx/f/tQoi0wfeBZvWy/QzPLLUtaYzdbO0e+mHQHK2Y9Oc4ftjvhWq3C+BPnOaveWEnNcrfafy150N6jMbsSTzOsgWRY1RIZZW30opBdY9F3MpxGW3pd18QEroCbK/gPK59352Hxn1HDqCuRxdTznxe3LQ8xvPpXYPeNGoq1UOHAysVpu4YjiCoIm/DlJuUd/TbjsAUvxU7N+hnN1ks79LfJV+86Ru9OGN1L5P+dHQH1E8HEIalVzTAqIVVw1EF0tYKdttR9IuXHHcuLp/NcsNX07s4f6if3j6zmO9pH4zEW/OPXIt/nOsweCro6OaLqCy5WZGVCeF2OwnD9qU6i1agq/9TOxexzDMTfQ8RrFbrHTCsZEKlWdGDIxRhsykgiVaQiTIW30/uP3lfEhqVU3qqMyvoPaJsbjmNPWdU513nyDuZUK4yhY2uxU9QUa4n2A36TbG9K3sDOumoltUFj4htzlZjptv1+0O510G3M/aXstF1XGU6g6c5hvN7k22G3M8vKYAIQqMQgJdGnc2vGNTyncHylAVGpl4acY9aoO37zK0XnKnSNFbarrz+8wXkY3kVbwTYkuEUt1gybdCPWD723i6gG/GGLC5sOt4NWpwG00lEhJkVbypoogEa8IrWkXTSx/WVigAvxhimpOqgcgP16zNi1AtYWk2qjKWjMNuePnENG4b/OMnKm0WFzoPSfMP4jYxWxARbeBFVrfmJLW9CPWfQ+1caKFGpVP8qkgc2/lHrafEcVXZ3Z3N2ZizE8STczLky60rybKEZeABLmFQq8dRfUA7RAlkwTXoWimEJHuAZbCNJBE93u3jaoLU0xS4dPfHtFV0ZtAR4tp4jCHhaqo6OyK6q12pv7rjiDHj1Q+i0KuKYWXFYOuOK1FAv6GQ9mV3bxUsPQvbNXwzuDYEEjILAkgEXMwph0YAt2QcpFwaZU3B46ETb2NRw4q+DCYjD1ApN6gcUwul+JF9prrfq41Y/BCldQmKxFJmay06rXphQtw1mF7kmx6T5729TprV/0qVakpGqYi+bMOROpE+j9tYlCtMnHHDXzFGWxWoPDe9+WnrOK71ZmVWOOTEqrWVQFDi430OsMsZIrK7c7aCRCMEyYh7fchL42j/wDM/wD0afXHHn6mfJ+4q/7xDyVz8p9YYmXiuFuB19TDUDr6mAwPSUM3SWFlRYanbmeUx2mtS1th6zIDHCOobib0sNNLc/vPPVtrbzZ4/wCkjpHSBVp2vy5xBWbQrW4W6bzLVFjp84SlYSU5R9OmF33igwB+0eCbdOu8pnaNqehmGbCz9JmtJpRrqPrKEjnUyLrpLlXFEwVMa9O3nEFrRVcjZTqEjU3PziMWTpeDSxOXyisTVzHpIvpwox9JGHARKDWbVipuT/iDWIw6odMzjTmFBP1tPlrbzuf4jYzNVRAfcTXozG/0AnC3nPnd1WXki7yryrySWaxIZV5cA0YV9xNDTArWIM3FrwTS2i4xoDQS63sDFg0xm7SfD1QSPZuQyBQfDbNwt1nR4PFOl3q4+niKCqzN7NFLgAXv4DrOJ7sYoq7oMMmKLi/s3ygqFvcqWHXadDXp0LNm7Nei2R7VVANNDkbViDa01xvS8XR9orWuBSoUsQNc4qnIV2tluCDfX0E5HvNRc0nL9mpRINzXplWyi+pOXW0ZUbAqzCpWxFCrnOZqZdU30tYW2tM3a5o+xf2faT1BY/6TnNn6cDDLLcU5WUTLp+6PKUwkRG3S/wAPlvi/Km/6T6e5858y/h1/3J/42+qz6cxmuK4UanQyvbdDISYaGWZQxA5GZ7z0VmXF7iOegpNxPVV76Txw09L24G51tpaFJb4hgbAW85na53lZ77whrtHuRNLqCCrkeUKpeIBjiK3hza+46RLjWAlUjyh+0EVKHIpJjxT5esVRQXubR4sD9pS8UA1mTE2+81soOpERVpAk2k2rjFeDeR1sZFEkzqQ1EbXqqis7GwUEnyEXSE57vn2hlVaQO/iqf2j3R8T9JOV1Nqxm7pwXeHEl3Zzu7E+Q4TxbxuNr52J+AilEw/dRllurtKJlmLYwib0IGHFiMhS2ox+Ge4txERBRrG8CbjBIlg3EownZNHZtUpVRhUal4gDUXemp0J9DO3arVyVCvaVPEU8j5qbKudhkbQEHecBOwDU3pl//AE5qTGmxSuliguhsx20P6y54vF7FGpjgG9nToVaOd8iObPbOQQb6b3nhd4K1RlIfs9KbcXBU26i0Op+Cuxd8Th6vtHzVEzCmTnNrHUW2njdp0mYnLjBWS3hzvka3UGTb0p4+HPhhsYrDnS3WMMcZum/h8f8Act/xn6ifTWnzLuAP9w39h+on0xppgvG9FsYSDrBeRGlqOA6mIxC7axmfoflF1je0BWYiVCKysseyGjbCblUAX/wzz0UzYL9LQqKqr4txbrMrJaa2i3U9I4ikCHBtCitKPQUn8p9RLR7D3T8oBewOvCErW4x7a4wJqanwt8vvAqvewsw+EMPv5wWc5vhJtURUII2PpFLNNU6GZ0ERw5NBPlfevtHPVqEHdrD+1dJ9J7VxPs6FR/yoSPO2k+K4mqWJJMz5PqKl1Kzxgi4UzrKraBaWTJHE3tIQMAQgYCCizLkiOn4Z/wCX0j5gVrG83qbi8cJU6jszEu1DL+NFsjg4RlGYqFYBVbfkfhOXM6Hu+5NN19ijKN65sKtPNoAOJH3lVWProPaY1UOR8NUpXfLTfSoqlibHrOT7TR/Ez4Wkm92UgD5GejjqdLUthKwckk1qbGz6nxWBngY9UCmyVQf/AHG0v5SbVMGHO8cTEUDqY0wiK6ruB/3Dn+j9Z9KJnzb+H3/UqHoJ9FDzXBWPiPtKkc6ShLMQMp5Sy2gWwWhKsqGogVq7dZRbrIUHKXYco4hWksyADlL05Q2VCRJaW0oCKlFO4v7o33kaqPyiSSOtYFGU8PmYRYXJHLmZJIlo5/y5loJJIBz/AH8xOTCleLuB8BqfpPkxMkkxy9PLyKEIySSWdDLkkgSpckkCSSSSACY/Dvw9JJIw0Ez0uxGUO11JbLdGBsq+IA5hxve0kkd8GPpuKrDMQr4m9zcDRAbn3SeE8LFvc8TzLMWb4mSSZz1pSaZ1E0mSSUiur7gDx1PgPl+8+gCSSa4eKx8U50hLJJLFXKkkgSQ1kkgVWZUkkcTUkvJJGVU0tNpJJNEf/9k="
,,,,
14,asdasd,asdasd,asdasd,"data:image/jpeg;base64,/9j/4AAQSkZJRgABAQAAAQABAAD/2wCEAAoHCBUVFRUVFRUYFRIaFRgYEhISGRgSEhISGBgZGRgYGBgcIS4lHB4rIRgYJjgmKy8xNTU1GiQ7QDs0Py40NTEBDAwMEA8QGhIRGjQhISE0MTQ0MTQ0NDQ0MTQ0MTE0NDE/NDE0NDQ0MTE0NDQ0MTU0NDQ0NDExMTE0NDQ0NDE0Mf/AABEIAKgBLAMBIgACEQEDEQH/xAAbAAACAwEBAQAAAAAAAAAAAAACAwABBAYFB//EAD4QAAIBAgQDBQYEBQMDBQAAAAECAAMRBBIhMUFRYQUGInGREzKBobHRFFLB4QdCYnLwIyRzMzTxFWOCorL/xAAZAQADAQEBAAAAAAAAAAAAAAAAAQIDBAX/xAAiEQEBAAIDAAICAwEAAAAAAAAAAQIRAyExEkETYTJRcSL/2gAMAwEAAhEDEQA/APfKyWhNvCRbmenQaF0i6p4XvGubTM5kq2URBtGWhogMR7ItH0F0kqoL7QsMu8mzowuouJHAOnThrGkDNwGnlxltUW4/QE/SIbee9M8j6RRSem7beEnXjYfWZ8SnG1j53kntjyyrRlpCkARiK6opdmCoNyZzHaveemyMlMlCRrUO5A2XTYT3e1cUiIwYgm1wu99bGfNu0yAzZVyoSSNPEfjynmc+U5OT476j0OGfDD5a7rRje2S6oMgBUWL3LZtxcg7bzIj6X9Zhs1tJtwWCd9AN+cXwxk1EXlyyo8NidQNtxfjPVwXar0wpRrOCdd9OXlJh+7r6ZmA+sT2l2S9MZgcy8SNxJuHe5Dluu30XsntIVqYewDjRwNg3ToZpeoZx3cPE61UJ1yhlH9psf/0J1pE7+HK5Y9+uXPGTLpTmATCZYJWbs0BkJlWhU1uftrAIk0LTkUqOPqCPrGKoOuh8oADr/msjjQ6wqiaQao0gTOBIBCXcRj07aiA2ASzKlmCKl5BBl3jSYDCigYWaRRGs7mNp8TAtIzaWnX9BGa8AwhKIk1UQCaKGn7TOuk003vvEC8Tzt6xdEa6x2JN7RFLeL6OGJ7xNgBaGzjTX9YKLx/qMOowtuN5FMmrXAExu5O5jHOp84thFYYsMus1Mth049JnoU7mbKaDYgXHGTaHCd4aRoqWdVYMzBDmswNydV4i2s5/D4YVfE23CdN/EWndKbDUBiNNtR+053st/AJ5P45jnf9ej+S3DFqo4ZFNsonpUUVdlA8p4tXFqp1NzyXUzdhe0Fay2IJ01m2Ooix6lHUysXSDKRzEyPiXQ2CBuRJtHK9Ui7IoH9LXM1ll6VHjd3jkxaW2LFCP7hafSQg4qfhrON7GwqnGKSP5GcD+seH9bzt0cDfQ/1XH1hw7x3HPy+s6U1+PpD9jfhpw6x6DNyIvz3hsnQA9PrOrbB5uLGo8omm+U3mnE0rH7zHHPA203Ft4S0xqbDeYVM9KjTBAJA24afSMinTfU7czFVb2Gt+OttJrNMWP/AJ+sxvvGEobzQ6i3AxeFG8dUsNSPlAmMiS8NmuZa07wIoyrxzrEwRV3hgRcOKiPQIlEQ3GsgE6JegG0lowCEEips+WaKJtLNIxZkgeJNwJnQaxzvpaJMFQbOAOZvE1KhO/pI8XaRYNBaAWmlaPO4Eqog4bcYlQNFwN726G01UyhOgF+oufWYYyibEScobF3r7N9tQZVHiHiULxI1t6Xnzzs4XRhyM+n9tM60Xalf2lrqfe16A6Ez5xR3Yk3zanqefznBzyTKft3cHFlnxXKeShRihuqKfPQRaKxbMbXvfTQTQwiXzbJYHmdQPhIlPX2910FRAG5SYWhk0F7dSTKwKMVAZtv5VAs3nxmihcZkPDbymuJ6jPXRc6ltNCoYaZSdQb9LTtuz2b2aZvfyLm/usLzmMPg/aGxHhBGY8p1FB1OlrctxNMJ3ay5cpqQSZbagHU8JTMoJ1KnoT9JaNYXJIFz11+Mxu9yTN45qLEVb6AkjmwF/hYTEY8yUaNzrtwlpIvNNGvbe9uhIMCpQt5c4AEJU16dFww0Y+RAmGqNTIjkG4kc31j0D8KNNr6+crEZdefLlE59LW+MECCRIsYIdCnfoJbrAEvEx9TaJjTkoy5YEqTRHqNvIBI28JCOM6ChtOncXjVsNIC1R1tyhe3W/GSowc7zG411j/brwvFvUU3v8IlaZ2i2MJ2iWaK0RZMfh00vYn0iFI4n4R6VwBv8AIyLVHJrqb6HYy3XX6iZTiRuDl56XvIMUOfmTr8pFpgrrZj4bDhFZo6pXU766aGxFohwOBv8AKLZ6H7Q2tw3nL9q9gMWL0rWJuyE2seNuh5TpAYNfEKgzNotwPUgfrMuTGZY9tuLkywv/AD9+uBYW0mbEu6Wyre+x5T0+2KYSq6jbMbeR1ExOtxOKOsL9oFVvs1t2bY24ACep2RVqOitUtcjTSxtwvPPw1AMQCgOtySNfWdAi2G01xLLU8et2YtkJ5t8hpNWa0OnSAVVuBYD14xb+vlOvGakcWeW7tbvBDSiYxEU6lgOl5pKiiogE63PkLxxUG9xpe1jcSqToNmX4m5gvVUnQqPje8PsjDYacPWZq4FxYWj1qrzUn+7SVUYNa5XplbUQJnEownW3EHyN4smPZVLxtBbkXF4CLc7gec101VeR8o01pS20jIpGosecoajW3rAAvfz0jLbPiKRHlM89JyCLbGYHpESSvYJUkl4E9VQCfvHikuwt5zKx1h0n1E2Ea6dNdiBLWmupsIBa8GJcE4X8oERVqLbQC/IDSDXcE6RBMnJQXa8U0MwFGoEmg04frLOF6x5B029D95bqcp2+f3kW04y/hb8flA/C/1fKbMp6fP7xTPbkJO1RnGFPP5Smp26zL2h2/RpDxut+Q1nFdsd+nYlaIsPzSLySftcl9vTua9dEBZ2CqOJnznvT3k9sxRDamNuvWc/jO1atS+dy1+BmLWZXK5e9Fcpj/ABdzi6udUqj3XUG/JiNRMq1jxB8xrHdzcQroaT6qrbH8ra/W89rGdlCk3h1pt7p3KnkZF4rZuN+LlmXV9eZhajbAeV56wfKLnhqeG086rSZWDDaUMeyVGtY+BQMwDWJOa9iNdhvpCTTXO/HHbtMNWDi99fWGyzmcP2rUeogK0bZh7lNVOpGl/X9pyeP7UxGGxNZKdVlVarWQnMlicwGU6cZ0zLrbi+Ut/p9PIhpQJF9JwXZ3f1tBXpgji9PQ+eU6Tuuyu1KNdAaThua3s69Cu8eOco0Z+GbmPWCcM2u3rNwJtsPX9opibnQev7St1NjKcM3ST8Mw5es0knTT5y3zW935iGyZWoMNTt5iLE11r5T4bfEfeYjHKDEUE66TT+FW17n5TIIaORt+0raK1Lgwf5j8pPwY/MYVNyRfTyhAm9/lBJT4S382nlKOF45vlNB2Jvr8pkbEN0+EeypbixtvAkLXhRB6D7yle0ay3vM7TUfbYj3428ol6sSDBMVq4K8G8pQSbQ3WwN95FqiiZdL3hFmMw3vRbEa2bUaGTEV1RGZjYAak8It7334dJx/f/tQoi0wfeBZvWy/QzPLLUtaYzdbO0e+mHQHK2Y9Oc4ftjvhWq3C+BPnOaveWEnNcrfafy150N6jMbsSTzOsgWRY1RIZZW30opBdY9F3MpxGW3pd18QEroCbK/gPK59352Hxn1HDqCuRxdTznxe3LQ8xvPpXYPeNGoq1UOHAysVpu4YjiCoIm/DlJuUd/TbjsAUvxU7N+hnN1ks79LfJV+86Ru9OGN1L5P+dHQH1E8HEIalVzTAqIVVw1EF0tYKdttR9IuXHHcuLp/NcsNX07s4f6if3j6zmO9pH4zEW/OPXIt/nOsweCro6OaLqCy5WZGVCeF2OwnD9qU6i1agq/9TOxexzDMTfQ8RrFbrHTCsZEKlWdGDIxRhsykgiVaQiTIW30/uP3lfEhqVU3qqMyvoPaJsbjmNPWdU513nyDuZUK4yhY2uxU9QUa4n2A36TbG9K3sDOumoltUFj4htzlZjptv1+0O510G3M/aXstF1XGU6g6c5hvN7k22G3M8vKYAIQqMQgJdGnc2vGNTyncHylAVGpl4acY9aoO37zK0XnKnSNFbarrz+8wXkY3kVbwTYkuEUt1gybdCPWD723i6gG/GGLC5sOt4NWpwG00lEhJkVbypoogEa8IrWkXTSx/WVigAvxhimpOqgcgP16zNi1AtYWk2qjKWjMNuePnENG4b/OMnKm0WFzoPSfMP4jYxWxARbeBFVrfmJLW9CPWfQ+1caKFGpVP8qkgc2/lHrafEcVXZ3Z3N2ZizE8STczLky60rybKEZeABLmFQq8dRfUA7RAlkwTXoWimEJHuAZbCNJBE93u3jaoLU0xS4dPfHtFV0ZtAR4tp4jCHhaqo6OyK6q12pv7rjiDHj1Q+i0KuKYWXFYOuOK1FAv6GQ9mV3bxUsPQvbNXwzuDYEEjILAkgEXMwph0YAt2QcpFwaZU3B46ETb2NRw4q+DCYjD1ApN6gcUwul+JF9prrfq41Y/BCldQmKxFJmay06rXphQtw1mF7kmx6T5729TprV/0qVakpGqYi+bMOROpE+j9tYlCtMnHHDXzFGWxWoPDe9+WnrOK71ZmVWOOTEqrWVQFDi430OsMsZIrK7c7aCRCMEyYh7fchL42j/wDM/wD0afXHHn6mfJ+4q/7xDyVz8p9YYmXiuFuB19TDUDr6mAwPSUM3SWFlRYanbmeUx2mtS1th6zIDHCOobib0sNNLc/vPPVtrbzZ4/wCkjpHSBVp2vy5xBWbQrW4W6bzLVFjp84SlYSU5R9OmF33igwB+0eCbdOu8pnaNqehmGbCz9JmtJpRrqPrKEjnUyLrpLlXFEwVMa9O3nEFrRVcjZTqEjU3PziMWTpeDSxOXyisTVzHpIvpwox9JGHARKDWbVipuT/iDWIw6odMzjTmFBP1tPlrbzuf4jYzNVRAfcTXozG/0AnC3nPnd1WXki7yryrySWaxIZV5cA0YV9xNDTArWIM3FrwTS2i4xoDQS63sDFg0xm7SfD1QSPZuQyBQfDbNwt1nR4PFOl3q4+niKCqzN7NFLgAXv4DrOJ7sYoq7oMMmKLi/s3ygqFvcqWHXadDXp0LNm7Nei2R7VVANNDkbViDa01xvS8XR9orWuBSoUsQNc4qnIV2tluCDfX0E5HvNRc0nL9mpRINzXplWyi+pOXW0ZUbAqzCpWxFCrnOZqZdU30tYW2tM3a5o+xf2faT1BY/6TnNn6cDDLLcU5WUTLp+6PKUwkRG3S/wAPlvi/Km/6T6e5858y/h1/3J/42+qz6cxmuK4UanQyvbdDISYaGWZQxA5GZ7z0VmXF7iOegpNxPVV76Txw09L24G51tpaFJb4hgbAW85na53lZ77whrtHuRNLqCCrkeUKpeIBjiK3hza+46RLjWAlUjyh+0EVKHIpJjxT5esVRQXubR4sD9pS8UA1mTE2+81soOpERVpAk2k2rjFeDeR1sZFEkzqQ1EbXqqis7GwUEnyEXSE57vn2hlVaQO/iqf2j3R8T9JOV1Nqxm7pwXeHEl3Zzu7E+Q4TxbxuNr52J+AilEw/dRllurtKJlmLYwib0IGHFiMhS2ox+Ge4txERBRrG8CbjBIlg3EownZNHZtUpVRhUal4gDUXemp0J9DO3arVyVCvaVPEU8j5qbKudhkbQEHecBOwDU3pl//AE5qTGmxSuliguhsx20P6y54vF7FGpjgG9nToVaOd8iObPbOQQb6b3nhd4K1RlIfs9KbcXBU26i0Op+Cuxd8Th6vtHzVEzCmTnNrHUW2njdp0mYnLjBWS3hzvka3UGTb0p4+HPhhsYrDnS3WMMcZum/h8f8Act/xn6ifTWnzLuAP9w39h+on0xppgvG9FsYSDrBeRGlqOA6mIxC7axmfoflF1je0BWYiVCKysseyGjbCblUAX/wzz0UzYL9LQqKqr4txbrMrJaa2i3U9I4ikCHBtCitKPQUn8p9RLR7D3T8oBewOvCErW4x7a4wJqanwt8vvAqvewsw+EMPv5wWc5vhJtURUII2PpFLNNU6GZ0ERw5NBPlfevtHPVqEHdrD+1dJ9J7VxPs6FR/yoSPO2k+K4mqWJJMz5PqKl1Kzxgi4UzrKraBaWTJHE3tIQMAQgYCCizLkiOn4Z/wCX0j5gVrG83qbi8cJU6jszEu1DL+NFsjg4RlGYqFYBVbfkfhOXM6Hu+5NN19ijKN65sKtPNoAOJH3lVWProPaY1UOR8NUpXfLTfSoqlibHrOT7TR/Ez4Wkm92UgD5GejjqdLUthKwckk1qbGz6nxWBngY9UCmyVQf/AHG0v5SbVMGHO8cTEUDqY0wiK6ruB/3Dn+j9Z9KJnzb+H3/UqHoJ9FDzXBWPiPtKkc6ShLMQMp5Sy2gWwWhKsqGogVq7dZRbrIUHKXYco4hWksyADlL05Q2VCRJaW0oCKlFO4v7o33kaqPyiSSOtYFGU8PmYRYXJHLmZJIlo5/y5loJJIBz/AH8xOTCleLuB8BqfpPkxMkkxy9PLyKEIySSWdDLkkgSpckkCSSSSACY/Dvw9JJIw0Ez0uxGUO11JbLdGBsq+IA5hxve0kkd8GPpuKrDMQr4m9zcDRAbn3SeE8LFvc8TzLMWb4mSSZz1pSaZ1E0mSSUiur7gDx1PgPl+8+gCSSa4eKx8U50hLJJLFXKkkgSQ1kkgVWZUkkcTUkvJJGVU0tNpJJNEf/9k="
,,,,
15,asdasd,asdasd,asdasd,"data:image/jpeg;base64,/9j/4AAQSkZJRgABAQAAAQABAAD/2wCEAAoHCBUVFRUVFRUYFRIaFRgYEhISGRgSEhISGBgZGRgYGBgcIS4lHB4rIRgYJjgmKy8xNTU1GiQ7QDs0Py40NTEBDAwMEA8QGhIRGjQhISE0MTQ0MTQ0NDQ0MTQ0MTE0NDE/NDE0NDQ0MTE0NDQ0MTU0NDQ0NDExMTE0NDQ0NDE0Mf/AABEIAKgBLAMBIgACEQEDEQH/xAAbAAACAwEBAQAAAAAAAAAAAAACAwABBAYFB//EAD4QAAIBAgQDBQYEBQMDBQAAAAECAAMRBBIhMUFRYQUGInGREzKBobHRFFLB4QdCYnLwIyRzMzTxFWOCorL/xAAZAQADAQEBAAAAAAAAAAAAAAAAAQIDBAX/xAAiEQEBAAIDAAICAwEAAAAAAAAAAQIRAyExEkETYTJRcSL/2gAMAwEAAhEDEQA/APfKyWhNvCRbmenQaF0i6p4XvGubTM5kq2URBtGWhogMR7ItH0F0kqoL7QsMu8mzowuouJHAOnThrGkDNwGnlxltUW4/QE/SIbee9M8j6RRSem7beEnXjYfWZ8SnG1j53kntjyyrRlpCkARiK6opdmCoNyZzHaveemyMlMlCRrUO5A2XTYT3e1cUiIwYgm1wu99bGfNu0yAzZVyoSSNPEfjynmc+U5OT476j0OGfDD5a7rRje2S6oMgBUWL3LZtxcg7bzIj6X9Zhs1tJtwWCd9AN+cXwxk1EXlyyo8NidQNtxfjPVwXar0wpRrOCdd9OXlJh+7r6ZmA+sT2l2S9MZgcy8SNxJuHe5Dluu30XsntIVqYewDjRwNg3ToZpeoZx3cPE61UJ1yhlH9psf/0J1pE7+HK5Y9+uXPGTLpTmATCZYJWbs0BkJlWhU1uftrAIk0LTkUqOPqCPrGKoOuh8oADr/msjjQ6wqiaQao0gTOBIBCXcRj07aiA2ASzKlmCKl5BBl3jSYDCigYWaRRGs7mNp8TAtIzaWnX9BGa8AwhKIk1UQCaKGn7TOuk003vvEC8Tzt6xdEa6x2JN7RFLeL6OGJ7xNgBaGzjTX9YKLx/qMOowtuN5FMmrXAExu5O5jHOp84thFYYsMus1Mth049JnoU7mbKaDYgXHGTaHCd4aRoqWdVYMzBDmswNydV4i2s5/D4YVfE23CdN/EWndKbDUBiNNtR+053st/AJ5P45jnf9ej+S3DFqo4ZFNsonpUUVdlA8p4tXFqp1NzyXUzdhe0Fay2IJ01m2Ooix6lHUysXSDKRzEyPiXQ2CBuRJtHK9Ui7IoH9LXM1ll6VHjd3jkxaW2LFCP7hafSQg4qfhrON7GwqnGKSP5GcD+seH9bzt0cDfQ/1XH1hw7x3HPy+s6U1+PpD9jfhpw6x6DNyIvz3hsnQA9PrOrbB5uLGo8omm+U3mnE0rH7zHHPA203Ft4S0xqbDeYVM9KjTBAJA24afSMinTfU7czFVb2Gt+OttJrNMWP/AJ+sxvvGEobzQ6i3AxeFG8dUsNSPlAmMiS8NmuZa07wIoyrxzrEwRV3hgRcOKiPQIlEQ3GsgE6JegG0lowCEEips+WaKJtLNIxZkgeJNwJnQaxzvpaJMFQbOAOZvE1KhO/pI8XaRYNBaAWmlaPO4Eqog4bcYlQNFwN726G01UyhOgF+oufWYYyibEScobF3r7N9tQZVHiHiULxI1t6Xnzzs4XRhyM+n9tM60Xalf2lrqfe16A6Ez5xR3Yk3zanqefznBzyTKft3cHFlnxXKeShRihuqKfPQRaKxbMbXvfTQTQwiXzbJYHmdQPhIlPX2910FRAG5SYWhk0F7dSTKwKMVAZtv5VAs3nxmihcZkPDbymuJ6jPXRc6ltNCoYaZSdQb9LTtuz2b2aZvfyLm/usLzmMPg/aGxHhBGY8p1FB1OlrctxNMJ3ay5cpqQSZbagHU8JTMoJ1KnoT9JaNYXJIFz11+Mxu9yTN45qLEVb6AkjmwF/hYTEY8yUaNzrtwlpIvNNGvbe9uhIMCpQt5c4AEJU16dFww0Y+RAmGqNTIjkG4kc31j0D8KNNr6+crEZdefLlE59LW+MECCRIsYIdCnfoJbrAEvEx9TaJjTkoy5YEqTRHqNvIBI28JCOM6ChtOncXjVsNIC1R1tyhe3W/GSowc7zG411j/brwvFvUU3v8IlaZ2i2MJ2iWaK0RZMfh00vYn0iFI4n4R6VwBv8AIyLVHJrqb6HYy3XX6iZTiRuDl56XvIMUOfmTr8pFpgrrZj4bDhFZo6pXU766aGxFohwOBv8AKLZ6H7Q2tw3nL9q9gMWL0rWJuyE2seNuh5TpAYNfEKgzNotwPUgfrMuTGZY9tuLkywv/AD9+uBYW0mbEu6Wyre+x5T0+2KYSq6jbMbeR1ExOtxOKOsL9oFVvs1t2bY24ACep2RVqOitUtcjTSxtwvPPw1AMQCgOtySNfWdAi2G01xLLU8et2YtkJ5t8hpNWa0OnSAVVuBYD14xb+vlOvGakcWeW7tbvBDSiYxEU6lgOl5pKiiogE63PkLxxUG9xpe1jcSqToNmX4m5gvVUnQqPje8PsjDYacPWZq4FxYWj1qrzUn+7SVUYNa5XplbUQJnEownW3EHyN4smPZVLxtBbkXF4CLc7gec101VeR8o01pS20jIpGosecoajW3rAAvfz0jLbPiKRHlM89JyCLbGYHpESSvYJUkl4E9VQCfvHikuwt5zKx1h0n1E2Ea6dNdiBLWmupsIBa8GJcE4X8oERVqLbQC/IDSDXcE6RBMnJQXa8U0MwFGoEmg04frLOF6x5B029D95bqcp2+f3kW04y/hb8flA/C/1fKbMp6fP7xTPbkJO1RnGFPP5Smp26zL2h2/RpDxut+Q1nFdsd+nYlaIsPzSLySftcl9vTua9dEBZ2CqOJnznvT3k9sxRDamNuvWc/jO1atS+dy1+BmLWZXK5e9Fcpj/ABdzi6udUqj3XUG/JiNRMq1jxB8xrHdzcQroaT6qrbH8ra/W89rGdlCk3h1pt7p3KnkZF4rZuN+LlmXV9eZhajbAeV56wfKLnhqeG086rSZWDDaUMeyVGtY+BQMwDWJOa9iNdhvpCTTXO/HHbtMNWDi99fWGyzmcP2rUeogK0bZh7lNVOpGl/X9pyeP7UxGGxNZKdVlVarWQnMlicwGU6cZ0zLrbi+Ut/p9PIhpQJF9JwXZ3f1tBXpgji9PQ+eU6Tuuyu1KNdAaThua3s69Cu8eOco0Z+GbmPWCcM2u3rNwJtsPX9opibnQev7St1NjKcM3ST8Mw5es0knTT5y3zW935iGyZWoMNTt5iLE11r5T4bfEfeYjHKDEUE66TT+FW17n5TIIaORt+0raK1Lgwf5j8pPwY/MYVNyRfTyhAm9/lBJT4S382nlKOF45vlNB2Jvr8pkbEN0+EeypbixtvAkLXhRB6D7yle0ay3vM7TUfbYj3428ol6sSDBMVq4K8G8pQSbQ3WwN95FqiiZdL3hFmMw3vRbEa2bUaGTEV1RGZjYAak8It7334dJx/f/tQoi0wfeBZvWy/QzPLLUtaYzdbO0e+mHQHK2Y9Oc4ftjvhWq3C+BPnOaveWEnNcrfafy150N6jMbsSTzOsgWRY1RIZZW30opBdY9F3MpxGW3pd18QEroCbK/gPK59352Hxn1HDqCuRxdTznxe3LQ8xvPpXYPeNGoq1UOHAysVpu4YjiCoIm/DlJuUd/TbjsAUvxU7N+hnN1ks79LfJV+86Ru9OGN1L5P+dHQH1E8HEIalVzTAqIVVw1EF0tYKdttR9IuXHHcuLp/NcsNX07s4f6if3j6zmO9pH4zEW/OPXIt/nOsweCro6OaLqCy5WZGVCeF2OwnD9qU6i1agq/9TOxexzDMTfQ8RrFbrHTCsZEKlWdGDIxRhsykgiVaQiTIW30/uP3lfEhqVU3qqMyvoPaJsbjmNPWdU513nyDuZUK4yhY2uxU9QUa4n2A36TbG9K3sDOumoltUFj4htzlZjptv1+0O510G3M/aXstF1XGU6g6c5hvN7k22G3M8vKYAIQqMQgJdGnc2vGNTyncHylAVGpl4acY9aoO37zK0XnKnSNFbarrz+8wXkY3kVbwTYkuEUt1gybdCPWD723i6gG/GGLC5sOt4NWpwG00lEhJkVbypoogEa8IrWkXTSx/WVigAvxhimpOqgcgP16zNi1AtYWk2qjKWjMNuePnENG4b/OMnKm0WFzoPSfMP4jYxWxARbeBFVrfmJLW9CPWfQ+1caKFGpVP8qkgc2/lHrafEcVXZ3Z3N2ZizE8STczLky60rybKEZeABLmFQq8dRfUA7RAlkwTXoWimEJHuAZbCNJBE93u3jaoLU0xS4dPfHtFV0ZtAR4tp4jCHhaqo6OyK6q12pv7rjiDHj1Q+i0KuKYWXFYOuOK1FAv6GQ9mV3bxUsPQvbNXwzuDYEEjILAkgEXMwph0YAt2QcpFwaZU3B46ETb2NRw4q+DCYjD1ApN6gcUwul+JF9prrfq41Y/BCldQmKxFJmay06rXphQtw1mF7kmx6T5729TprV/0qVakpGqYi+bMOROpE+j9tYlCtMnHHDXzFGWxWoPDe9+WnrOK71ZmVWOOTEqrWVQFDi430OsMsZIrK7c7aCRCMEyYh7fchL42j/wDM/wD0afXHHn6mfJ+4q/7xDyVz8p9YYmXiuFuB19TDUDr6mAwPSUM3SWFlRYanbmeUx2mtS1th6zIDHCOobib0sNNLc/vPPVtrbzZ4/wCkjpHSBVp2vy5xBWbQrW4W6bzLVFjp84SlYSU5R9OmF33igwB+0eCbdOu8pnaNqehmGbCz9JmtJpRrqPrKEjnUyLrpLlXFEwVMa9O3nEFrRVcjZTqEjU3PziMWTpeDSxOXyisTVzHpIvpwox9JGHARKDWbVipuT/iDWIw6odMzjTmFBP1tPlrbzuf4jYzNVRAfcTXozG/0AnC3nPnd1WXki7yryrySWaxIZV5cA0YV9xNDTArWIM3FrwTS2i4xoDQS63sDFg0xm7SfD1QSPZuQyBQfDbNwt1nR4PFOl3q4+niKCqzN7NFLgAXv4DrOJ7sYoq7oMMmKLi/s3ygqFvcqWHXadDXp0LNm7Nei2R7VVANNDkbViDa01xvS8XR9orWuBSoUsQNc4qnIV2tluCDfX0E5HvNRc0nL9mpRINzXplWyi+pOXW0ZUbAqzCpWxFCrnOZqZdU30tYW2tM3a5o+xf2faT1BY/6TnNn6cDDLLcU5WUTLp+6PKUwkRG3S/wAPlvi/Km/6T6e5858y/h1/3J/42+qz6cxmuK4UanQyvbdDISYaGWZQxA5GZ7z0VmXF7iOegpNxPVV76Txw09L24G51tpaFJb4hgbAW85na53lZ77whrtHuRNLqCCrkeUKpeIBjiK3hza+46RLjWAlUjyh+0EVKHIpJjxT5esVRQXubR4sD9pS8UA1mTE2+81soOpERVpAk2k2rjFeDeR1sZFEkzqQ1EbXqqis7GwUEnyEXSE57vn2hlVaQO/iqf2j3R8T9JOV1Nqxm7pwXeHEl3Zzu7E+Q4TxbxuNr52J+AilEw/dRllurtKJlmLYwib0IGHFiMhS2ox+Ge4txERBRrG8CbjBIlg3EownZNHZtUpVRhUal4gDUXemp0J9DO3arVyVCvaVPEU8j5qbKudhkbQEHecBOwDU3pl//AE5qTGmxSuliguhsx20P6y54vF7FGpjgG9nToVaOd8iObPbOQQb6b3nhd4K1RlIfs9KbcXBU26i0Op+Cuxd8Th6vtHzVEzCmTnNrHUW2njdp0mYnLjBWS3hzvka3UGTb0p4+HPhhsYrDnS3WMMcZum/h8f8Act/xn6ifTWnzLuAP9w39h+on0xppgvG9FsYSDrBeRGlqOA6mIxC7axmfoflF1je0BWYiVCKysseyGjbCblUAX/wzz0UzYL9LQqKqr4txbrMrJaa2i3U9I4ikCHBtCitKPQUn8p9RLR7D3T8oBewOvCErW4x7a4wJqanwt8vvAqvewsw+EMPv5wWc5vhJtURUII2PpFLNNU6GZ0ERw5NBPlfevtHPVqEHdrD+1dJ9J7VxPs6FR/yoSPO2k+K4mqWJJMz5PqKl1Kzxgi4UzrKraBaWTJHE3tIQMAQgYCCizLkiOn4Z/wCX0j5gVrG83qbi8cJU6jszEu1DL+NFsjg4RlGYqFYBVbfkfhOXM6Hu+5NN19ijKN65sKtPNoAOJH3lVWProPaY1UOR8NUpXfLTfSoqlibHrOT7TR/Ez4Wkm92UgD5GejjqdLUthKwckk1qbGz6nxWBngY9UCmyVQf/AHG0v5SbVMGHO8cTEUDqY0wiK6ruB/3Dn+j9Z9KJnzb+H3/UqHoJ9FDzXBWPiPtKkc6ShLMQMp5Sy2gWwWhKsqGogVq7dZRbrIUHKXYco4hWksyADlL05Q2VCRJaW0oCKlFO4v7o33kaqPyiSSOtYFGU8PmYRYXJHLmZJIlo5/y5loJJIBz/AH8xOTCleLuB8BqfpPkxMkkxy9PLyKEIySSWdDLkkgSpckkCSSSSACY/Dvw9JJIw0Ez0uxGUO11JbLdGBsq+IA5hxve0kkd8GPpuKrDMQr4m9zcDRAbn3SeE8LFvc8TzLMWb4mSSZz1pSaZ1E0mSSUiur7gDx1PgPl+8+gCSSa4eKx8U50hLJJLFXKkkgSQ1kkgVWZUkkcTUkvJJGVU0tNpJJNEf/9k="
,,,,
16,asdasd,asdasd,asdasd,"data:image/jpeg;base64,/9j/4AAQSkZJRgABAQAAAQABAAD/2wCEAAoHCBUVFRUVFRUYFRIaFRgYEhISGRgSEhISGBgZGRgYGBgcIS4lHB4rIRgYJjgmKy8xNTU1GiQ7QDs0Py40NTEBDAwMEA8QGhIRGjQhISE0MTQ0MTQ0NDQ0MTQ0MTE0NDE/NDE0NDQ0MTE0NDQ0MTU0NDQ0NDExMTE0NDQ0NDE0Mf/AABEIAKgBLAMBIgACEQEDEQH/xAAbAAACAwEBAQAAAAAAAAAAAAACAwABBAYFB//EAD4QAAIBAgQDBQYEBQMDBQAAAAECAAMRBBIhMUFRYQUGInGREzKBobHRFFLB4QdCYnLwIyRzMzTxFWOCorL/xAAZAQADAQEBAAAAAAAAAAAAAAAAAQIDBAX/xAAiEQEBAAIDAAICAwEAAAAAAAAAAQIRAyExEkETYTJRcSL/2gAMAwEAAhEDEQA/APfKyWhNvCRbmenQaF0i6p4XvGubTM5kq2URBtGWhogMR7ItH0F0kqoL7QsMu8mzowuouJHAOnThrGkDNwGnlxltUW4/QE/SIbee9M8j6RRSem7beEnXjYfWZ8SnG1j53kntjyyrRlpCkARiK6opdmCoNyZzHaveemyMlMlCRrUO5A2XTYT3e1cUiIwYgm1wu99bGfNu0yAzZVyoSSNPEfjynmc+U5OT476j0OGfDD5a7rRje2S6oMgBUWL3LZtxcg7bzIj6X9Zhs1tJtwWCd9AN+cXwxk1EXlyyo8NidQNtxfjPVwXar0wpRrOCdd9OXlJh+7r6ZmA+sT2l2S9MZgcy8SNxJuHe5Dluu30XsntIVqYewDjRwNg3ToZpeoZx3cPE61UJ1yhlH9psf/0J1pE7+HK5Y9+uXPGTLpTmATCZYJWbs0BkJlWhU1uftrAIk0LTkUqOPqCPrGKoOuh8oADr/msjjQ6wqiaQao0gTOBIBCXcRj07aiA2ASzKlmCKl5BBl3jSYDCigYWaRRGs7mNp8TAtIzaWnX9BGa8AwhKIk1UQCaKGn7TOuk003vvEC8Tzt6xdEa6x2JN7RFLeL6OGJ7xNgBaGzjTX9YKLx/qMOowtuN5FMmrXAExu5O5jHOp84thFYYsMus1Mth049JnoU7mbKaDYgXHGTaHCd4aRoqWdVYMzBDmswNydV4i2s5/D4YVfE23CdN/EWndKbDUBiNNtR+053st/AJ5P45jnf9ej+S3DFqo4ZFNsonpUUVdlA8p4tXFqp1NzyXUzdhe0Fay2IJ01m2Ooix6lHUysXSDKRzEyPiXQ2CBuRJtHK9Ui7IoH9LXM1ll6VHjd3jkxaW2LFCP7hafSQg4qfhrON7GwqnGKSP5GcD+seH9bzt0cDfQ/1XH1hw7x3HPy+s6U1+PpD9jfhpw6x6DNyIvz3hsnQA9PrOrbB5uLGo8omm+U3mnE0rH7zHHPA203Ft4S0xqbDeYVM9KjTBAJA24afSMinTfU7czFVb2Gt+OttJrNMWP/AJ+sxvvGEobzQ6i3AxeFG8dUsNSPlAmMiS8NmuZa07wIoyrxzrEwRV3hgRcOKiPQIlEQ3GsgE6JegG0lowCEEips+WaKJtLNIxZkgeJNwJnQaxzvpaJMFQbOAOZvE1KhO/pI8XaRYNBaAWmlaPO4Eqog4bcYlQNFwN726G01UyhOgF+oufWYYyibEScobF3r7N9tQZVHiHiULxI1t6Xnzzs4XRhyM+n9tM60Xalf2lrqfe16A6Ez5xR3Yk3zanqefznBzyTKft3cHFlnxXKeShRihuqKfPQRaKxbMbXvfTQTQwiXzbJYHmdQPhIlPX2910FRAG5SYWhk0F7dSTKwKMVAZtv5VAs3nxmihcZkPDbymuJ6jPXRc6ltNCoYaZSdQb9LTtuz2b2aZvfyLm/usLzmMPg/aGxHhBGY8p1FB1OlrctxNMJ3ay5cpqQSZbagHU8JTMoJ1KnoT9JaNYXJIFz11+Mxu9yTN45qLEVb6AkjmwF/hYTEY8yUaNzrtwlpIvNNGvbe9uhIMCpQt5c4AEJU16dFww0Y+RAmGqNTIjkG4kc31j0D8KNNr6+crEZdefLlE59LW+MECCRIsYIdCnfoJbrAEvEx9TaJjTkoy5YEqTRHqNvIBI28JCOM6ChtOncXjVsNIC1R1tyhe3W/GSowc7zG411j/brwvFvUU3v8IlaZ2i2MJ2iWaK0RZMfh00vYn0iFI4n4R6VwBv8AIyLVHJrqb6HYy3XX6iZTiRuDl56XvIMUOfmTr8pFpgrrZj4bDhFZo6pXU766aGxFohwOBv8AKLZ6H7Q2tw3nL9q9gMWL0rWJuyE2seNuh5TpAYNfEKgzNotwPUgfrMuTGZY9tuLkywv/AD9+uBYW0mbEu6Wyre+x5T0+2KYSq6jbMbeR1ExOtxOKOsL9oFVvs1t2bY24ACep2RVqOitUtcjTSxtwvPPw1AMQCgOtySNfWdAi2G01xLLU8et2YtkJ5t8hpNWa0OnSAVVuBYD14xb+vlOvGakcWeW7tbvBDSiYxEU6lgOl5pKiiogE63PkLxxUG9xpe1jcSqToNmX4m5gvVUnQqPje8PsjDYacPWZq4FxYWj1qrzUn+7SVUYNa5XplbUQJnEownW3EHyN4smPZVLxtBbkXF4CLc7gec101VeR8o01pS20jIpGosecoajW3rAAvfz0jLbPiKRHlM89JyCLbGYHpESSvYJUkl4E9VQCfvHikuwt5zKx1h0n1E2Ea6dNdiBLWmupsIBa8GJcE4X8oERVqLbQC/IDSDXcE6RBMnJQXa8U0MwFGoEmg04frLOF6x5B029D95bqcp2+f3kW04y/hb8flA/C/1fKbMp6fP7xTPbkJO1RnGFPP5Smp26zL2h2/RpDxut+Q1nFdsd+nYlaIsPzSLySftcl9vTua9dEBZ2CqOJnznvT3k9sxRDamNuvWc/jO1atS+dy1+BmLWZXK5e9Fcpj/ABdzi6udUqj3XUG/JiNRMq1jxB8xrHdzcQroaT6qrbH8ra/W89rGdlCk3h1pt7p3KnkZF4rZuN+LlmXV9eZhajbAeV56wfKLnhqeG086rSZWDDaUMeyVGtY+BQMwDWJOa9iNdhvpCTTXO/HHbtMNWDi99fWGyzmcP2rUeogK0bZh7lNVOpGl/X9pyeP7UxGGxNZKdVlVarWQnMlicwGU6cZ0zLrbi+Ut/p9PIhpQJF9JwXZ3f1tBXpgji9PQ+eU6Tuuyu1KNdAaThua3s69Cu8eOco0Z+GbmPWCcM2u3rNwJtsPX9opibnQev7St1NjKcM3ST8Mw5es0knTT5y3zW935iGyZWoMNTt5iLE11r5T4bfEfeYjHKDEUE66TT+FW17n5TIIaORt+0raK1Lgwf5j8pPwY/MYVNyRfTyhAm9/lBJT4S382nlKOF45vlNB2Jvr8pkbEN0+EeypbixtvAkLXhRB6D7yle0ay3vM7TUfbYj3428ol6sSDBMVq4K8G8pQSbQ3WwN95FqiiZdL3hFmMw3vRbEa2bUaGTEV1RGZjYAak8It7334dJx/f/tQoi0wfeBZvWy/QzPLLUtaYzdbO0e+mHQHK2Y9Oc4ftjvhWq3C+BPnOaveWEnNcrfafy150N6jMbsSTzOsgWRY1RIZZW30opBdY9F3MpxGW3pd18QEroCbK/gPK59352Hxn1HDqCuRxdTznxe3LQ8xvPpXYPeNGoq1UOHAysVpu4YjiCoIm/DlJuUd/TbjsAUvxU7N+hnN1ks79LfJV+86Ru9OGN1L5P+dHQH1E8HEIalVzTAqIVVw1EF0tYKdttR9IuXHHcuLp/NcsNX07s4f6if3j6zmO9pH4zEW/OPXIt/nOsweCro6OaLqCy5WZGVCeF2OwnD9qU6i1agq/9TOxexzDMTfQ8RrFbrHTCsZEKlWdGDIxRhsykgiVaQiTIW30/uP3lfEhqVU3qqMyvoPaJsbjmNPWdU513nyDuZUK4yhY2uxU9QUa4n2A36TbG9K3sDOumoltUFj4htzlZjptv1+0O510G3M/aXstF1XGU6g6c5hvN7k22G3M8vKYAIQqMQgJdGnc2vGNTyncHylAVGpl4acY9aoO37zK0XnKnSNFbarrz+8wXkY3kVbwTYkuEUt1gybdCPWD723i6gG/GGLC5sOt4NWpwG00lEhJkVbypoogEa8IrWkXTSx/WVigAvxhimpOqgcgP16zNi1AtYWk2qjKWjMNuePnENG4b/OMnKm0WFzoPSfMP4jYxWxARbeBFVrfmJLW9CPWfQ+1caKFGpVP8qkgc2/lHrafEcVXZ3Z3N2ZizE8STczLky60rybKEZeABLmFQq8dRfUA7RAlkwTXoWimEJHuAZbCNJBE93u3jaoLU0xS4dPfHtFV0ZtAR4tp4jCHhaqo6OyK6q12pv7rjiDHj1Q+i0KuKYWXFYOuOK1FAv6GQ9mV3bxUsPQvbNXwzuDYEEjILAkgEXMwph0YAt2QcpFwaZU3B46ETb2NRw4q+DCYjD1ApN6gcUwul+JF9prrfq41Y/BCldQmKxFJmay06rXphQtw1mF7kmx6T5729TprV/0qVakpGqYi+bMOROpE+j9tYlCtMnHHDXzFGWxWoPDe9+WnrOK71ZmVWOOTEqrWVQFDi430OsMsZIrK7c7aCRCMEyYh7fchL42j/wDM/wD0afXHHn6mfJ+4q/7xDyVz8p9YYmXiuFuB19TDUDr6mAwPSUM3SWFlRYanbmeUx2mtS1th6zIDHCOobib0sNNLc/vPPVtrbzZ4/wCkjpHSBVp2vy5xBWbQrW4W6bzLVFjp84SlYSU5R9OmF33igwB+0eCbdOu8pnaNqehmGbCz9JmtJpRrqPrKEjnUyLrpLlXFEwVMa9O3nEFrRVcjZTqEjU3PziMWTpeDSxOXyisTVzHpIvpwox9JGHARKDWbVipuT/iDWIw6odMzjTmFBP1tPlrbzuf4jYzNVRAfcTXozG/0AnC3nPnd1WXki7yryrySWaxIZV5cA0YV9xNDTArWIM3FrwTS2i4xoDQS63sDFg0xm7SfD1QSPZuQyBQfDbNwt1nR4PFOl3q4+niKCqzN7NFLgAXv4DrOJ7sYoq7oMMmKLi/s3ygqFvcqWHXadDXp0LNm7Nei2R7VVANNDkbViDa01xvS8XR9orWuBSoUsQNc4qnIV2tluCDfX0E5HvNRc0nL9mpRINzXplWyi+pOXW0ZUbAqzCpWxFCrnOZqZdU30tYW2tM3a5o+xf2faT1BY/6TnNn6cDDLLcU5WUTLp+6PKUwkRG3S/wAPlvi/Km/6T6e5858y/h1/3J/42+qz6cxmuK4UanQyvbdDISYaGWZQxA5GZ7z0VmXF7iOegpNxPVV76Txw09L24G51tpaFJb4hgbAW85na53lZ77whrtHuRNLqCCrkeUKpeIBjiK3hza+46RLjWAlUjyh+0EVKHIpJjxT5esVRQXubR4sD9pS8UA1mTE2+81soOpERVpAk2k2rjFeDeR1sZFEkzqQ1EbXqqis7GwUEnyEXSE57vn2hlVaQO/iqf2j3R8T9JOV1Nqxm7pwXeHEl3Zzu7E+Q4TxbxuNr52J+AilEw/dRllurtKJlmLYwib0IGHFiMhS2ox+Ge4txERBRrG8CbjBIlg3EownZNHZtUpVRhUal4gDUXemp0J9DO3arVyVCvaVPEU8j5qbKudhkbQEHecBOwDU3pl//AE5qTGmxSuliguhsx20P6y54vF7FGpjgG9nToVaOd8iObPbOQQb6b3nhd4K1RlIfs9KbcXBU26i0Op+Cuxd8Th6vtHzVEzCmTnNrHUW2njdp0mYnLjBWS3hzvka3UGTb0p4+HPhhsYrDnS3WMMcZum/h8f8Act/xn6ifTWnzLuAP9w39h+on0xppgvG9FsYSDrBeRGlqOA6mIxC7axmfoflF1je0BWYiVCKysseyGjbCblUAX/wzz0UzYL9LQqKqr4txbrMrJaa2i3U9I4ikCHBtCitKPQUn8p9RLR7D3T8oBewOvCErW4x7a4wJqanwt8vvAqvewsw+EMPv5wWc5vhJtURUII2PpFLNNU6GZ0ERw5NBPlfevtHPVqEHdrD+1dJ9J7VxPs6FR/yoSPO2k+K4mqWJJMz5PqKl1Kzxgi4UzrKraBaWTJHE3tIQMAQgYCCizLkiOn4Z/wCX0j5gVrG83qbi8cJU6jszEu1DL+NFsjg4RlGYqFYBVbfkfhOXM6Hu+5NN19ijKN65sKtPNoAOJH3lVWProPaY1UOR8NUpXfLTfSoqlibHrOT7TR/Ez4Wkm92UgD5GejjqdLUthKwckk1qbGz6nxWBngY9UCmyVQf/AHG0v5SbVMGHO8cTEUDqY0wiK6ruB/3Dn+j9Z9KJnzb+H3/UqHoJ9FDzXBWPiPtKkc6ShLMQMp5Sy2gWwWhKsqGogVq7dZRbrIUHKXYco4hWksyADlL05Q2VCRJaW0oCKlFO4v7o33kaqPyiSSOtYFGU8PmYRYXJHLmZJIlo5/y5loJJIBz/AH8xOTCleLuB8BqfpPkxMkkxy9PLyKEIySSWdDLkkgSpckkCSSSSACY/Dvw9JJIw0Ez0uxGUO11JbLdGBsq+IA5hxve0kkd8GPpuKrDMQr4m9zcDRAbn3SeE8LFvc8TzLMWb4mSSZz1pSaZ1E0mSSUiur7gDx1PgPl+8+gCSSa4eKx8U50hLJJLFXKkkgSQ1kkgVWZUkkcTUkvJJGVU0tNpJJNEf/9k="
,,,,
17,asdasd,asdasd,asdasd,"data:image/jpeg;base64,/9j/4AAQSkZJRgABAQAAAQABAAD/2wCEAAoHCBUVFRUVFRUYFRIaFRgYEhISGRgSEhISGBgZGRgYGBgcIS4lHB4rIRgYJjgmKy8xNTU1GiQ7QDs0Py40NTEBDAwMEA8QGhIRGjQhISE0MTQ0MTQ0NDQ0MTQ0MTE0NDE/NDE0NDQ0MTE0NDQ0MTU0NDQ0NDExMTE0NDQ0NDE0Mf/AABEIAKgBLAMBIgACEQEDEQH/xAAbAAACAwEBAQAAAAAAAAAAAAACAwABBAYFB//EAD4QAAIBAgQDBQYEBQMDBQAAAAECAAMRBBIhMUFRYQUGInGREzKBobHRFFLB4QdCYnLwIyRzMzTxFWOCorL/xAAZAQADAQEBAAAAAAAAAAAAAAAAAQIDBAX/xAAiEQEBAAIDAAICAwEAAAAAAAAAAQIRAyExEkETYTJRcSL/2gAMAwEAAhEDEQA/APfKyWhNvCRbmenQaF0i6p4XvGubTM5kq2URBtGWhogMR7ItH0F0kqoL7QsMu8mzowuouJHAOnThrGkDNwGnlxltUW4/QE/SIbee9M8j6RRSem7beEnXjYfWZ8SnG1j53kntjyyrRlpCkARiK6opdmCoNyZzHaveemyMlMlCRrUO5A2XTYT3e1cUiIwYgm1wu99bGfNu0yAzZVyoSSNPEfjynmc+U5OT476j0OGfDD5a7rRje2S6oMgBUWL3LZtxcg7bzIj6X9Zhs1tJtwWCd9AN+cXwxk1EXlyyo8NidQNtxfjPVwXar0wpRrOCdd9OXlJh+7r6ZmA+sT2l2S9MZgcy8SNxJuHe5Dluu30XsntIVqYewDjRwNg3ToZpeoZx3cPE61UJ1yhlH9psf/0J1pE7+HK5Y9+uXPGTLpTmATCZYJWbs0BkJlWhU1uftrAIk0LTkUqOPqCPrGKoOuh8oADr/msjjQ6wqiaQao0gTOBIBCXcRj07aiA2ASzKlmCKl5BBl3jSYDCigYWaRRGs7mNp8TAtIzaWnX9BGa8AwhKIk1UQCaKGn7TOuk003vvEC8Tzt6xdEa6x2JN7RFLeL6OGJ7xNgBaGzjTX9YKLx/qMOowtuN5FMmrXAExu5O5jHOp84thFYYsMus1Mth049JnoU7mbKaDYgXHGTaHCd4aRoqWdVYMzBDmswNydV4i2s5/D4YVfE23CdN/EWndKbDUBiNNtR+053st/AJ5P45jnf9ej+S3DFqo4ZFNsonpUUVdlA8p4tXFqp1NzyXUzdhe0Fay2IJ01m2Ooix6lHUysXSDKRzEyPiXQ2CBuRJtHK9Ui7IoH9LXM1ll6VHjd3jkxaW2LFCP7hafSQg4qfhrON7GwqnGKSP5GcD+seH9bzt0cDfQ/1XH1hw7x3HPy+s6U1+PpD9jfhpw6x6DNyIvz3hsnQA9PrOrbB5uLGo8omm+U3mnE0rH7zHHPA203Ft4S0xqbDeYVM9KjTBAJA24afSMinTfU7czFVb2Gt+OttJrNMWP/AJ+sxvvGEobzQ6i3AxeFG8dUsNSPlAmMiS8NmuZa07wIoyrxzrEwRV3hgRcOKiPQIlEQ3GsgE6JegG0lowCEEips+WaKJtLNIxZkgeJNwJnQaxzvpaJMFQbOAOZvE1KhO/pI8XaRYNBaAWmlaPO4Eqog4bcYlQNFwN726G01UyhOgF+oufWYYyibEScobF3r7N9tQZVHiHiULxI1t6Xnzzs4XRhyM+n9tM60Xalf2lrqfe16A6Ez5xR3Yk3zanqefznBzyTKft3cHFlnxXKeShRihuqKfPQRaKxbMbXvfTQTQwiXzbJYHmdQPhIlPX2910FRAG5SYWhk0F7dSTKwKMVAZtv5VAs3nxmihcZkPDbymuJ6jPXRc6ltNCoYaZSdQb9LTtuz2b2aZvfyLm/usLzmMPg/aGxHhBGY8p1FB1OlrctxNMJ3ay5cpqQSZbagHU8JTMoJ1KnoT9JaNYXJIFz11+Mxu9yTN45qLEVb6AkjmwF/hYTEY8yUaNzrtwlpIvNNGvbe9uhIMCpQt5c4AEJU16dFww0Y+RAmGqNTIjkG4kc31j0D8KNNr6+crEZdefLlE59LW+MECCRIsYIdCnfoJbrAEvEx9TaJjTkoy5YEqTRHqNvIBI28JCOM6ChtOncXjVsNIC1R1tyhe3W/GSowc7zG411j/brwvFvUU3v8IlaZ2i2MJ2iWaK0RZMfh00vYn0iFI4n4R6VwBv8AIyLVHJrqb6HYy3XX6iZTiRuDl56XvIMUOfmTr8pFpgrrZj4bDhFZo6pXU766aGxFohwOBv8AKLZ6H7Q2tw3nL9q9gMWL0rWJuyE2seNuh5TpAYNfEKgzNotwPUgfrMuTGZY9tuLkywv/AD9+uBYW0mbEu6Wyre+x5T0+2KYSq6jbMbeR1ExOtxOKOsL9oFVvs1t2bY24ACep2RVqOitUtcjTSxtwvPPw1AMQCgOtySNfWdAi2G01xLLU8et2YtkJ5t8hpNWa0OnSAVVuBYD14xb+vlOvGakcWeW7tbvBDSiYxEU6lgOl5pKiiogE63PkLxxUG9xpe1jcSqToNmX4m5gvVUnQqPje8PsjDYacPWZq4FxYWj1qrzUn+7SVUYNa5XplbUQJnEownW3EHyN4smPZVLxtBbkXF4CLc7gec101VeR8o01pS20jIpGosecoajW3rAAvfz0jLbPiKRHlM89JyCLbGYHpESSvYJUkl4E9VQCfvHikuwt5zKx1h0n1E2Ea6dNdiBLWmupsIBa8GJcE4X8oERVqLbQC/IDSDXcE6RBMnJQXa8U0MwFGoEmg04frLOF6x5B029D95bqcp2+f3kW04y/hb8flA/C/1fKbMp6fP7xTPbkJO1RnGFPP5Smp26zL2h2/RpDxut+Q1nFdsd+nYlaIsPzSLySftcl9vTua9dEBZ2CqOJnznvT3k9sxRDamNuvWc/jO1atS+dy1+BmLWZXK5e9Fcpj/ABdzi6udUqj3XUG/JiNRMq1jxB8xrHdzcQroaT6qrbH8ra/W89rGdlCk3h1pt7p3KnkZF4rZuN+LlmXV9eZhajbAeV56wfKLnhqeG086rSZWDDaUMeyVGtY+BQMwDWJOa9iNdhvpCTTXO/HHbtMNWDi99fWGyzmcP2rUeogK0bZh7lNVOpGl/X9pyeP7UxGGxNZKdVlVarWQnMlicwGU6cZ0zLrbi+Ut/p9PIhpQJF9JwXZ3f1tBXpgji9PQ+eU6Tuuyu1KNdAaThua3s69Cu8eOco0Z+GbmPWCcM2u3rNwJtsPX9opibnQev7St1NjKcM3ST8Mw5es0knTT5y3zW935iGyZWoMNTt5iLE11r5T4bfEfeYjHKDEUE66TT+FW17n5TIIaORt+0raK1Lgwf5j8pPwY/MYVNyRfTyhAm9/lBJT4S382nlKOF45vlNB2Jvr8pkbEN0+EeypbixtvAkLXhRB6D7yle0ay3vM7TUfbYj3428ol6sSDBMVq4K8G8pQSbQ3WwN95FqiiZdL3hFmMw3vRbEa2bUaGTEV1RGZjYAak8It7334dJx/f/tQoi0wfeBZvWy/QzPLLUtaYzdbO0e+mHQHK2Y9Oc4ftjvhWq3C+BPnOaveWEnNcrfafy150N6jMbsSTzOsgWRY1RIZZW30opBdY9F3MpxGW3pd18QEroCbK/gPK59352Hxn1HDqCuRxdTznxe3LQ8xvPpXYPeNGoq1UOHAysVpu4YjiCoIm/DlJuUd/TbjsAUvxU7N+hnN1ks79LfJV+86Ru9OGN1L5P+dHQH1E8HEIalVzTAqIVVw1EF0tYKdttR9IuXHHcuLp/NcsNX07s4f6if3j6zmO9pH4zEW/OPXIt/nOsweCro6OaLqCy5WZGVCeF2OwnD9qU6i1agq/9TOxexzDMTfQ8RrFbrHTCsZEKlWdGDIxRhsykgiVaQiTIW30/uP3lfEhqVU3qqMyvoPaJsbjmNPWdU513nyDuZUK4yhY2uxU9QUa4n2A36TbG9K3sDOumoltUFj4htzlZjptv1+0O510G3M/aXstF1XGU6g6c5hvN7k22G3M8vKYAIQqMQgJdGnc2vGNTyncHylAVGpl4acY9aoO37zK0XnKnSNFbarrz+8wXkY3kVbwTYkuEUt1gybdCPWD723i6gG/GGLC5sOt4NWpwG00lEhJkVbypoogEa8IrWkXTSx/WVigAvxhimpOqgcgP16zNi1AtYWk2qjKWjMNuePnENG4b/OMnKm0WFzoPSfMP4jYxWxARbeBFVrfmJLW9CPWfQ+1caKFGpVP8qkgc2/lHrafEcVXZ3Z3N2ZizE8STczLky60rybKEZeABLmFQq8dRfUA7RAlkwTXoWimEJHuAZbCNJBE93u3jaoLU0xS4dPfHtFV0ZtAR4tp4jCHhaqo6OyK6q12pv7rjiDHj1Q+i0KuKYWXFYOuOK1FAv6GQ9mV3bxUsPQvbNXwzuDYEEjILAkgEXMwph0YAt2QcpFwaZU3B46ETb2NRw4q+DCYjD1ApN6gcUwul+JF9prrfq41Y/BCldQmKxFJmay06rXphQtw1mF7kmx6T5729TprV/0qVakpGqYi+bMOROpE+j9tYlCtMnHHDXzFGWxWoPDe9+WnrOK71ZmVWOOTEqrWVQFDi430OsMsZIrK7c7aCRCMEyYh7fchL42j/wDM/wD0afXHHn6mfJ+4q/7xDyVz8p9YYmXiuFuB19TDUDr6mAwPSUM3SWFlRYanbmeUx2mtS1th6zIDHCOobib0sNNLc/vPPVtrbzZ4/wCkjpHSBVp2vy5xBWbQrW4W6bzLVFjp84SlYSU5R9OmF33igwB+0eCbdOu8pnaNqehmGbCz9JmtJpRrqPrKEjnUyLrpLlXFEwVMa9O3nEFrRVcjZTqEjU3PziMWTpeDSxOXyisTVzHpIvpwox9JGHARKDWbVipuT/iDWIw6odMzjTmFBP1tPlrbzuf4jYzNVRAfcTXozG/0AnC3nPnd1WXki7yryrySWaxIZV5cA0YV9xNDTArWIM3FrwTS2i4xoDQS63sDFg0xm7SfD1QSPZuQyBQfDbNwt1nR4PFOl3q4+niKCqzN7NFLgAXv4DrOJ7sYoq7oMMmKLi/s3ygqFvcqWHXadDXp0LNm7Nei2R7VVANNDkbViDa01xvS8XR9orWuBSoUsQNc4qnIV2tluCDfX0E5HvNRc0nL9mpRINzXplWyi+pOXW0ZUbAqzCpWxFCrnOZqZdU30tYW2tM3a5o+xf2faT1BY/6TnNn6cDDLLcU5WUTLp+6PKUwkRG3S/wAPlvi/Km/6T6e5858y/h1/3J/42+qz6cxmuK4UanQyvbdDISYaGWZQxA5GZ7z0VmXF7iOegpNxPVV76Txw09L24G51tpaFJb4hgbAW85na53lZ77whrtHuRNLqCCrkeUKpeIBjiK3hza+46RLjWAlUjyh+0EVKHIpJjxT5esVRQXubR4sD9pS8UA1mTE2+81soOpERVpAk2k2rjFeDeR1sZFEkzqQ1EbXqqis7GwUEnyEXSE57vn2hlVaQO/iqf2j3R8T9JOV1Nqxm7pwXeHEl3Zzu7E+Q4TxbxuNr52J+AilEw/dRllurtKJlmLYwib0IGHFiMhS2ox+Ge4txERBRrG8CbjBIlg3EownZNHZtUpVRhUal4gDUXemp0J9DO3arVyVCvaVPEU8j5qbKudhkbQEHecBOwDU3pl//AE5qTGmxSuliguhsx20P6y54vF7FGpjgG9nToVaOd8iObPbOQQb6b3nhd4K1RlIfs9KbcXBU26i0Op+Cuxd8Th6vtHzVEzCmTnNrHUW2njdp0mYnLjBWS3hzvka3UGTb0p4+HPhhsYrDnS3WMMcZum/h8f8Act/xn6ifTWnzLuAP9w39h+on0xppgvG9FsYSDrBeRGlqOA6mIxC7axmfoflF1je0BWYiVCKysseyGjbCblUAX/wzz0UzYL9LQqKqr4txbrMrJaa2i3U9I4ikCHBtCitKPQUn8p9RLR7D3T8oBewOvCErW4x7a4wJqanwt8vvAqvewsw+EMPv5wWc5vhJtURUII2PpFLNNU6GZ0ERw5NBPlfevtHPVqEHdrD+1dJ9J7VxPs6FR/yoSPO2k+K4mqWJJMz5PqKl1Kzxgi4UzrKraBaWTJHE3tIQMAQgYCCizLkiOn4Z/wCX0j5gVrG83qbi8cJU6jszEu1DL+NFsjg4RlGYqFYBVbfkfhOXM6Hu+5NN19ijKN65sKtPNoAOJH3lVWProPaY1UOR8NUpXfLTfSoqlibHrOT7TR/Ez4Wkm92UgD5GejjqdLUthKwckk1qbGz6nxWBngY9UCmyVQf/AHG0v5SbVMGHO8cTEUDqY0wiK6ruB/3Dn+j9Z9KJnzb+H3/UqHoJ9FDzXBWPiPtKkc6ShLMQMp5Sy2gWwWhKsqGogVq7dZRbrIUHKXYco4hWksyADlL05Q2VCRJaW0oCKlFO4v7o33kaqPyiSSOtYFGU8PmYRYXJHLmZJIlo5/y5loJJIBz/AH8xOTCleLuB8BqfpPkxMkkxy9PLyKEIySSWdDLkkgSpckkCSSSSACY/Dvw9JJIw0Ez0uxGUO11JbLdGBsq+IA5hxve0kkd8GPpuKrDMQr4m9zcDRAbn3SeE8LFvc8TzLMWb4mSSZz1pSaZ1E0mSSUiur7gDx1PgPl+8+gCSSa4eKx8U50hLJJLFXKkkgSQ1kkgVWZUkkcTUkvJJGVU0tNpJJNEf/9k="
